Country Code,Country,Cabinet,Start Date,Coalition Size,Technical Cabinet,Total Seats,Total Vote Share,Left-Right,State-Market,Liberty-Authority,EU Anti-Pro,Environment Protection,Nuclear Energy,Climate Energy,Renewables,Sustainable Development,Welfare State,International Peace
AUT,Austria,Schuessel I,2/4/00,2,FALSE,104,53.8,7.41135,6.638800000000001,8.06735,5.4133000000000004,3.8074999999999997,0.146,0.164,,3.0035,6.531,0.9025
AUT,Austria,Schuessel II,11/24/02,2,FALSE,97,52.309999999999995,6.832309004014529,6.829972108583445,7.791085624,7.531686962339896,3.440727968,0.088746894,1.1723255591665072,,4.810565092716498,11.741891225387114,0.23834544064232463
AUT,Austria,Schuessel III,2/28/03,2,FALSE,97,52.309999999999995,6.832309004014529,6.829972108583445,7.791085624,7.531686962339896,3.440727968,0.088746894,1.1723255591665072,,4.810565092716498,11.741891225387114,0.23834544064232463
AUT,Austria,Schuessel IV,4/5/05,2,FALSE,91,42.3,8.83,6,8.83,2.5,5.583,1.019,0.097,,5.583,13.641,0.485
AUT,Austria,Gusenbauer,1/11/07,2,FALSE,134,69.6,5.081587356321839,5.185680890804597,5.518435632183908,8.644458045977013,4.791285919540229,1.1351451149425287,0.46978017241379305,,5.002274425287355,16.711491379310345,0.4500043103448276
AUT,Austria,Faymann I,12/2/08,2,FALSE,108,55.24,5.019834395365677,5.107461223750906,5.4251940622737145,8.635555177407676,2.432779145546705,1.0240528602461985,0.8811176683562635,,3.2473175235336713,23.982408399710355,0.5286292541636495
AUT,Austria,Faymann II,12/16/13,2,FALSE,99,50.8,5.025677952755906,5.1148629921259845,5.434017322834647,8.636397637795277,2.499251968503937,1.5880078740157484,1.6498582677165354,1.6498582677165354,5.639314960629922,18.871464566929134,0.8256771653543308
AUT,Austria,Kern,5/17/16,2,FALSE,99,50.8,5.025677952755906,5.1148629921259845,5.434017322834647,8.636397637795277,1.929393700787402,3.0595826771653547,2.5662834645669297,2.5662834645669297,2.770023622047244,16.499629921259842,0.14008661417322837
AUT,Austria,Kurz I,12/18/17,2,FALSE,113,57.5,7.321623478260869,6.668423478,8.024540869565218,5.741559130434783,3.8375739130434785,1.4346608695652177,1.7564956521739132,1.7564956521739132,3.0428608695652173,11.119200000000001,0.11778260869565217
AUT,Austria,Bierlein I,6/3/19,1,TRUE,0,,,,,,,,,,,,
AUT,Austria,Bierlein II,9/29/19,1,TRUE,0,,,,,,,,,,,,
AUT,Austria,Kurz II,1/7/20,2,FALSE,97,51.4,5.3880994163424125,5.812810505836576,5.946121011673152,8.260813229571985,5.327268482490273,0.7225019455252919,5.6321225680933855,5.584527237354085,3.183044747081712,13.690575875486381,0.28503112840466927
AUT,Austria,Schallenberg,10/11/21,2,FALSE,97,51.4,5.3880994163424125,5.812810505836576,5.946121011673152,8.260813229571985,5.327268482490273,0.7225019455252919,5.6321225680933855,5.584527237354085,3.183044747081712,13.690575875486381,0.28503112840466927
AUT,Austria,Nehammer,12/6/21,2,FALSE,97,51.4,5.3880994163424125,5.812810505836576,5.946121011673152,8.260813229571985,5.327268482490273,0.7225019455252919,5.6321225680933855,5.584527237354085,3.183044747081712,13.690575875486381,0.28503112840466927
AUT,Austria,Schallenberg II,1/10/25,2,FALSE,97,51.4,5.3880994163424125,5.812810505836576,5.946121011673152,8.260813229571985,5.327268482490273,0.7225019455252919,5.6321225680933855,5.584527237354085,3.183044747081712,13.690575875486381,0.28503112840466927
AUT,Austria,Stocker,3/3/25,3,FALSE,126,66.8,5.5450585329341315,5.815301047904192,5.817461377245509,8.701955838323354,4.221986842105263,0.7758092105263158,4.885302631578948,4.885302631578948,3.557532894736842,26.10769736842105,0.2154605263157895
BEL,Belgium,Verhofstadt II,7/12/03,4,FALSE,97,54.69,4.946875699396599,5.120358255622601,3.515470159078442,8.216007953922107,2.847959956116292,0.07337356,2.0200888645090513,,0.9933839824465168,24.386736697750962,0.7880471749862863
BEL,Belgium,Verhofstadt III,6/10/07,4,FALSE,75,45.449999999999996,5.098078129812982,5.3003490209020905,3.577735952,8.236678833883389,3.511455445544555,0.31961452145214525,2.274635643564357,,1.1370530253025304,21.13998393839384,0.14383828382838285
BEL,Belgium,Verhofstadt IV,12/21/07,5,FALSE,101,59.79,5.796044338518147,5.822826810503428,5.065423298210403,8.411108161899984,4.668022102,0.24465387823185986,0.6549499582985822,,1.4441342785654712,19.77077773144287,0.40155671392827363
BEL,Belgium,Leterme I,3/20/08,5,FALSE,101,59.79,5.796044338518147,5.822826810503428,5.065423298210403,8.411108161899984,4.668022102,0.24465387823185986,0.6549499582985822,,1.4441342785654712,19.77077773144287,0.40155671392827363
BEL,Belgium,Rompuy,12/30/08,5,FALSE,94,59.800000000000004,5.661991773,5.788014899665551,5.099285819397992,8.597211036789297,2.6875173913043477,0.7021501672240802,2.0774471571906354,,0.8115668896321069,16.517333277591973,0.3777775919732441
BEL,Belgium,Leterme II,11/25/09,5,FALSE,94,59.800000000000004,5.661991773,5.788014899665551,5.099285819397992,8.597211036789297,2.6875173913043477,0.7021501672240802,2.0774471571906354,,0.8115668896321069,16.517333277591973,0.3777775919732441
BEL,Belgium,Leterme III,6/13/10,4,FALSE,70,39.349999999999994,4.959032401524778,4.893614841168996,5.016109758576874,8.479689428208388,3.1269575603557818,0.690787039,1.7429702668360865,,1.1310266836086404,20.762237357052097,0.5114411689961881
BEL,Belgium,Di Rupo,12/6/11,6,FALSE,93,57.23,4.991365245500611,5.024164459,4.507003931504456,8.428016197798359,2.607295124934475,0.6230807268914905,2.4445088240433335,,0.7776673073562816,18.71869508998777,0.6162587803599511
BEL,Belgium,Di Rupo II,5/25/14,6,FALSE,97,56.510000000000005,5.135088214475314,5.199374747832241,4.5633876128118915,8.450730507874713,3.876242788886923,0.9801311272341177,3.1574544328437444,3.7362269295302006,3.9715662714563784,17.308426650150416,0.21473880729074496
BEL,Belgium,Michel I,10/11/14,4,FALSE,85,51.290000000000006,6.478544804055372,6.420245427958666,5.524902183661531,7.781989179177227,6.296117762,1.4121085981672838,1.6478619613959833,3.047291764705882,3.302931175667771,11.458441606550984,0.2086759602261649
BEL,Belgium,Michel II,12/9/18,3,FALSE,52,31.03,6.443577731227844,6.772392974540766,5.175527972929423,8.668446890106347,5.375330647760232,1.241931679020303,3.611108604576216,4.8882362352941175,2.409975185304544,16.737026748308086,0.13324556880438287
BEL,Belgium,Michel III,5/26/19,3,FALSE,38,24.99,6.468959943977592,6.817109804,5.1071470588235295,8.669454621848741,5.274792717086835,1.2292268907563026,3.7038039215686274,4.902272340425532,2.401184874,16.651512605042015,0.1283669467787115
BEL,Belgium,Wilmes I,10/27/19,3,FALSE,38,24.99,6.468959943977592,6.817109804,5.1071470588235295,8.669454621848741,5.274792717086835,1.2292268907563026,3.7038039215686274,4.902272340425532,2.401184874,16.651512605042015,0.1283669467787115
BEL,Belgium,Wilmes II,3/19/20,3,FALSE,38,24.99,6.468959943977592,6.817109804,5.1071470588235295,8.669454621848741,5.274792717086835,1.2292268907563026,3.7038039215686274,4.902272340425532,2.401184874,16.651512605042015,0.1283669467787115
BEL,Belgium,De Croo,10/1/20,7,FALSE,88,53.4,4.552327340823971,4.533157734082398,3.613836479400749,8.189589475655431,5.962534269662922,0.7659597378277153,5.470676592,6.259593917327051,2.509279026217228,21.34417621722847,0.2830842696629214
BEL,Belgium,De Roover,7/10/24,5,FALSE,80,49.83,5.766394099939795,5.569013265101344,5.457018543046358,7.7677779048765805,7.462533012241622,1.2913028296207103,3.108187637969095,6.167626259632485,2.3838085490668277,16.27757495484648,0.30726590407385107
BGR,Bulgaria,Sakskoburggotski,7/24/01,2,FALSE,141,50.190000000000005,5.5824510460251044,5.674847619047618,4.337676230324766,9.296717713,2.8044652321179515,1.8793126120741181,0,,2.643519625423391,9.019647140864715,0.168623232
BGR,Bulgaria,Stanishev,8/17/05,3,FALSE,169,63.64,4.1302349780012575,4.170661675,5.297870521684475,8.935244940289127,1.7564701445631676,2.9246862036455057,0.370247643,,2.819384506599623,21.041053582652417,0.7761401634192331
BGR,Bulgaria,Borisov I,7/27/09,1,FALSE,116,39.72,8.7,5.9,8.5,2.3,,,,,,,
BGR,Bulgaria,Raikov,3/13/13,1,TRUE,0,,,,,,,,,,,,
BGR,Bulgaria,Oresharski,5/29/13,3,FALSE,120,37.915,3.4005364789661083,3.3953101437425826,5.886518343663457,8.750292976394567,2.582940181986021,5.527404694711856,0.25966846894368983,0.37,2.6421439799551636,13.759913253329819,0.5200387445602005
BGR,Bulgaria,Bliznashki,8/5/14,1,TRUE,0,,,,,,,,,,,,
BGR,Bulgaria,Borisov II,11/7/14,3,FALSE,118,45.71,7.956902209582148,5.779348063880989,7.734872019251804,3.9157077225989942,,,,,,,
BGR,Bulgaria,Gerdzhikov,1/25/17,4,FALSE,146,56.96,6.756587763342696,5.062745435393259,7.200819171348315,4.828113412921347,3.350622425629291,1.399679633867277,0.6872219679633869,,2.5941899313501144,9.001954233409613,0.6055537757437072
BGR,Bulgaria,Borisov III,5/4/17,2,FALSE,122,42.85,8.7,5.8999999999999995,8.499999999999998,2.3,,,,,,,
BGR,Bulgaria,Yanev I,5/12/21,1,TRUE,0,,,,,,,,,,,,
BGR,Bulgaria,Yanev II,9/16/21,1,TRUE,0,,,,,,,,,,,,
BGR,Bulgaria,Petkov,12/13/21,4,FALSE,134,51.68000000000001,5.741507958477508,5.396063399,5.865575163398693,8.448109111880045,0,3.057,0.437,0.437,3.493,11.79,0
BGR,Bulgaria,Donev I,8/2/22,1,TRUE,0,,,,,,,,,,,,
BGR,Bulgaria,Donev II,10/2/22,1,TRUE,0,,,,,,,,,,,,
BGR,Bulgaria,Denkov,6/6/23,2,FALSE,133,48.93,8.7,5.9,8.5,2.3,,,,,,,
BGR,Bulgaria,Glavchev II,8/27/24,1,TRUE,,,,,,,,,,,,,
BGR,Bulgaria,Zhelyazkov,1/16/25,4,FALSE,131,52.284000000000006,6.79794028,5.204857042307398,7.212379297681891,5.360135490781118,1.8860942662779399,5.077281179138321,0.5657505668934241,0,1.8860942662779399,15.915391966310334,0
BGR,Bulgaria,Glavchev I,4/9/25,1,TRUE,,,,,,,,,,,,,
CYP,Cyprus,Clerides IV,5/27/01,4,FALSE,32,55.3,7.099316998191683,6.178707414104883,5.389975226039783,,8.494565573770492,0.34218032786885244,0.10584426229508197,,6.588221311475411,11.326811475409839,0.7570000000000001
CYP,Cyprus,Papadopoulos I,2/28/03,3,FALSE,33,56,2.3902616071428575,3.258454285714286,6.118881607142858,,3.86250303,0.6846646464646465,0.10434747474747474,,8.126545454545456,10.330721212121214,1.0465272727272728
CYP,Cyprus,Papadopoulos II,5/21/06,3,FALSE,34,57.959999999999994,2.6576113699102835,3.402699861973775,6.103066580400277,,4.1379734964322115,0.7755724770642203,0.7907845056065239,0.7907845056065239,5.172466870540265,13.779059734964326,1.566991641182467
CYP,Cyprus,Christofias I,2/28/08,3,FALSE,34,57.959999999999994,2.6576113699102835,3.402699861973775,6.103066580400277,,4.1379734964322115,0.7755724770642203,0.7907845056065239,0.7907845056065239,5.172466870540265,13.779059734964326,1.566991641182467
CYP,Cyprus,Christofias II,3/2/10,2,FALSE,29,49.05,2.542827930682977,3.1603587359836904,6.136121060142712,,5.748102140672783,2.591904587155964,3.0710717635066263,3.0710717635066263,1.1760018348623855,7.526529663608564,3.894197349643221
CYP,Cyprus,Christofias III,5/22/11,2,FALSE,28,48.43,2.379980549246335,3.102577658476151,6.141374974189552,,6.109688003303738,2.4323708445178607,2.9416801569275246,2.9416801569275246,1.0886894486888292,7.322561222382821,3.881062565
CYP,Cyprus,Christofias IV,8/5/11,1,FALSE,19,32.67,1.0526,2.6316,6.1842,,9.057,1.132,1.887,1.887,0.377,5.66,3.774
CYP,Cyprus,Anastasiades I,2/28/13,3,FALSE,31,53.92,7.452677893175074,6.358831899109792,5.206917210682493,,0,4.916318944844125,1.6150535571542766,1.6150535571542766,0.8075267785771383,7.518428457234213,2.117719424460432
CYP,Cyprus,Anastasiades II,3/14/14,2,FALSE,22,38.160000000000004,8.411278197,7.300438993710692,4.857651991614255,,0,3.384,0.169,0.169,0.761,7.107,2.453
CYP,Cyprus,Anastasiades III,5/22/16,2,FALSE,18,30.69,8.6842,7.3684,5,,0,3.384,0.169,0.169,0.761,7.107,2.453
CYP,Cyprus,Anastasiades IV,3/1/18,1,FALSE,18,30.69,8.6842,7.3684,5,,0,3.384,0.169,0.169,0.761,7.107,2.453
CYP,Cyprus,Anastasiades V,5/30/21,1,FALSE,17,27.77,8.6842,7.3684,5,,0,3.384,0.169,0.169,0.761,7.107,2.453
CYP,Cyprus,Christodoulides,2/28/23,3,FALSE,16,26.770000000000003,4.904220919,4.828042024654462,5.463375868509525,,5.385,3.846,5.385,5.385,2.308,10.769,7.692
CZE,Czech Republic,Spidla,7/15/02,3,FALSE,101,44.47,3.9331129525522823,3.989934518,5.4225561727006975,8.529016978,3.136977512930065,2.084285585788172,0.3395021362716438,,2.9672264447942434,16.602656397571398,1.0224749269170228
CZE,Czech Republic,Gross,8/4/04,3,FALSE,101,44.47,3.9331129525522823,3.989934518,5.4225561727006975,8.529016978,5.540346076006297,3.7908877895210256,0.5126750618394423,,3.896248257,14.095384079154485,0.2944695300202384
CZE,Czech Republic,Paroubek,4/25/05,3,FALSE,101,44.47,3.9331129525522823,3.989934518,5.4225561727006975,8.529016978,5.540346076006297,3.7908877895210256,0.5126750618394423,,3.896248257,14.095384079154485,0.2944695300202384
CZE,Czech Republic,Topolanek I,8/16/06,1,FALSE,81,35.38,7.3637,7.8985,4.0087,4.456,3.441,1.83,0.586,,2.489,8.492,0.439
CZE,Czech Republic,Topolanek II,1/9/07,3,FALSE,100,48.89,6.717301165882594,7.114210902024954,4.308623604,5.483068009817959,3.562350234741784,1.8272882629107983,0.6659962441314554,,2.6820417840375588,8.679618309859155,0.42866150234741784
CZE,Czech Republic,Fischer,4/9/09,1,TRUE,2,,,,,,,,,,,,
CZE,Czech Republic,Necas I,6/28/10,3,FALSE,115,47.800000000000004,7.065983556485355,7.102168828451883,4.9258141004184095,6.625236820083682,4.762,0.635,0,,3.81,7.143,0.079
CZE,Czech Republic,Necas II,4/27/12,3,FALSE,98,36.92,6.616841549295774,7.242116738894907,3.7848670097508124,6.780314192849404,3.356,1.174,0,,3.02,9.732,0.336
CZE,Czech Republic,Rusnok,7/10/13,1,TRUE,4,,,,,,,,,,,,
CZE,Czech Republic,Sobotka,1/17/14,3,FALSE,111,45.879999999999995,4.655360876198779,4.960330143853532,4.525272820401047,8.60326602,10.94234527,0.4893158567774937,0.2217966751918159,,4.254029411764706,13.761411764705883,0.15638235294117647
CZE,Czech Republic,Babis I,12/13/17,1,FALSE,78,29.64,6,6.7,3.6,8.7,,,,,,,
CZE,Czech Republic,Babis II,6/27/18,2,FALSE,93,36.91,5.418222730967218,5.971837903007316,3.727298862096993,8.673350555,1.897,5.172,2.759,2.759,3.966,24.483,0.517
CZE,Czech Republic,Fiala,12/17/21,5,FALSE,108,43.41,6.368995968670814,6.733317346233586,6.507431352222991,7.015099862,3.1867454503570602,0.4595814328495738,4.107602626123014,4.107602626123014,2.5626390232665286,12.887783920755588,0
DEU,Germany,Schroeder II,10/22/02,2,FALSE,306,47.1,3.5146757961783437,3.9323997876857746,3.494505520169851,7.873060721868366,2.9150424628450105,0.6420191082802548,1.826815286624204,,2.379016985138004,9.843095541401274,1.6006284501061572
DEU,Germany,Merkel I,11/22/05,2,FALSE,448,34.2,6.2503,6.3498,6.9333,8.5024,2.96,1.931,0.129,,1.03,5.277,0.257
DEU,Germany,Merkel II,10/28/09,2,FALSE,332,14.6,6.2503,6.3498,6.9333,8.5024,5.833,0.897,0.05,,3.44,6.73,0.698
DEU,Germany,Merkel III,12/17/13,2,FALSE,504,25.7,6.2503,6.3498,6.9333,8.5024,4.856,0.622,1.904,,3.924,7.498,0.66
DEU,Germany,Merkel IV,9/24/17,2,FALSE,399,20.5,6.2503,6.3498,6.9333,8.5024,3.428,3.279,3.875,3.875,2.534,9.836,0.373
DEU,Germany,Merkel V,3/14/18,2,FALSE,399,20.5,6.2503,6.3498,6.9333,8.5024,3.428,3.279,3.875,3.875,2.534,9.836,0.373
DEU,Germany,Scholz,12/8/21,3,FALSE,416,51.95,3.9448545139557263,4.945964196342638,3.0249033493743984,7.962605139557266,4.920844080846968,0.735288739,5.320084889,5.284026179018286,1.8612063522617903,19.73464831568816,1.6871593840230987
DEU,Germany,Merz,5/6/25,2,FALSE,328,44.9,5.298734743875279,5.434650779510022,5.854260356347439,8.293984855233852,3.9583340757238306,1.158650334075724,4.584864142538975,4.584864142538975,1.5341224944320713,14.98051448,1.0571581291759466
DNK,Denmark,Rasmussen F I,11/27/01,2,FALSE,72,40.3,7.275425806451613,7.352325806451613,5.3366225806451615,8.74506129,0.2090967741935484,0.6272903225806452,0,,0,11.352387096774194,0
DNK,Denmark,Rasmussen F II,2/18/05,2,FALSE,70,39.3,7.272762849872773,7.349550382,5.391398218829518,8.699794656,9.782346055979644,3.0820636132315524,0,,0,19.825114503816796,0.29956488549618326
DNK,Denmark,Rasmussen F III,11/23/07,2,FALSE,64,36.6,7.271143169398906,7.347862295081967,5.424714207650273,8.672262295081966,6.787923497267759,0.23471038251366122,0,,0,11.80475956284153,0
DNK,Denmark,Rasmussen L I,4/5/09,2,FALSE,65,36.6,7.271143169398906,7.347862295081967,5.424714207650273,8.672262295081966,6.787923497267759,0.23471038251366122,0,,0,11.80475956284153,0
DNK,Denmark,Thorning-Schmidt I,10/2/11,3,FALSE,77,43.5,3.6828901149425284,3.6183301149425287,3.4118696551724135,6.712625747126436,5.857013793103448,1.8291080459770115,0.9035080459770114,,0,15.394832183908047,0
DNK,Denmark,Thorning-Schmidt II,2/3/14,2,FALSE,61,34.3,4.098148104956269,4.024640233236151,3.7509740524781345,7.549725364431487,6.123524781341109,1.8892827988338197,1.4952857142857143,1.4952857142857143,0,28.35409037900875,0
DNK,Denmark,Rasmussen L II,6/28/15,1,FALSE,34,19.5,7.292,7.3696,4.9957,9.0268,0,12.871,0,0,0,20.792,0
DNK,Denmark,Rasmussen L III,11/28/16,3,FALSE,53,30.4,6.965040789473684,7.1958467105263155,4.820225328947369,8.806629605263158,0,8.856192660550459,0,0,5.347357798165137,14.306422018348623,0
DNK,Denmark,Frederiksen I,6/27/19,1,FALSE,48,25.9,3.8011,3.5292,4.2722,7.4311,16.095,1.463,5.968,5.968,0.385,24.875,0
DNK,Denmark,Frederiksen II,12/15/22,3,FALSE,89,50.099999999999994,5.136004990019961,5.137299001996009,4.339487225548902,8.090253293413175,10.338682065217391,0.369725543,4.643815217391304,4.643815217391304,0.097296196,31.36963315217392,0
ESP,Spain,Aznar II,4/26/00,1,FALSE,183,45.24,7.5969,7.619,7.8127,7.7368,4.738,1.591,0.203,,4.162,7.039,0.575
ESP,Spain,Zapatero I,4/17/04,1,FALSE,164,43.27,3.7377,4.0098,3.0399,9.129,2.348,0.939,0.179,,6.106,12.883,1.208
ESP,Spain,Zapatero II,4/12/08,1,FALSE,169,44.36,3.7377,4.0098,3.0399,9.129,7.993,2.064,0.088,,4.436,12.626,0.922
ESP,Spain,Rajoy I,12/21/11,1,FALSE,186,41.9,7.5969,7.619,7.8127,7.7368,2.247,2.769,1.097,,2.508,7.889,0.104
ESP,Spain,Rajoy II,12/20/15,1,FALSE,123,28.72,7.5969,7.619,7.8127,7.7368,1.851,6.689,2.23,2.23,3.955,15.987,0.084
ESP,Spain,Rajoy III,6/26/16,1,FALSE,137,33.03,7.5969,7.619,7.8127,7.7368,1.851,6.689,2.23,2.23,3.955,15.987,0.084
ESP,Spain,Rajoy IV,10/29/16,1,FALSE,137,33.03,7.5969,7.619,7.8127,7.7368,1.851,6.689,2.23,2.23,3.955,15.987,0.084
ESP,Spain,Sanchez I,6/2/18,1,FALSE,85,22.66,3.7377,4.0098,3.0399,9.129,2.324,0.536,2.547,2.547,5.004,30.295,0.536
ESP,Spain,Sanchez II,4/28/19,1,FALSE,123,28.68,3.7377,4.0098,3.0399,9.129,2.324,0.536,2.547,2.547,5.004,30.295,0.536
ESP,Spain,Sanchez III,1/7/20,5,FALSE,129,31.04,1.947951030927835,1.845347938,1.8589819587628869,5.030695876,6.483355263157894,0.13967105263157895,3.7278815789473687,3.6468486842105263,3.176605263157895,25.16326974,0.9606973684210526
ESP,Spain,Sanchez III (2),11/21/23,2,FALSE,152,44.01,3.054745194274029,3.2786290388548056,3.028721472392638,7.495926380368098,3.077,0.385,7.5,7.5,2.115,21.154,0.192
EST,Estonia,Kallas S,1/28/02,2,FALSE,46,39.33,5.551316806509026,5.658916679379608,5.107633638443936,6.452695601322146,5.700789982201881,0.8107370963640986,0,,7.448676837020087,15.983535214848716,0
EST,Estonia,Parts,4/10/03,3,FALSE,60,55.3,7.384037070524413,7.568876672694395,6.037089873417722,8.289428028933093,1.6301446654611214,1.0645135623869801,0,,2.6875660036166367,17.567119349005424,0
EST,Estonia,Ansip I,4/13/05,3,FALSE,60,56.099999999999994,5.344353119,5.494232798573975,5.535224064171124,6.378437967914439,4.659003565062389,1.7173582887700536,0.23181461675579323,,7.528240642,21.50149732620321,0
EST,Estonia,Ansip II,4/5/07,3,FALSE,60,56.300000000000004,7.3897992895204245,7.532986500888098,5.142716696269981,8.645824156305505,4.428218472468916,2.312047957371225,0.13160568383658966,,6.569230905861455,12.65335701598579,0.22058969804618114
EST,Estonia,Ansip III,5/21/09,2,FALSE,50,45.7,8.131636761487965,8.476151422319473,5.599425164113785,8.842428446389496,4.678656455142232,2.888402625820569,0,,8.278665207877461,12.099336980306347,0
EST,Estonia,Ansip IV,4/5/11,2,FALSE,56,49.1,8.147116904276986,8.466361710794297,5.620905702647658,8.860295315682283,4.6641914460285125,2.903926680244399,0,,8.111336048879839,12.257961303462322,0
EST,Estonia,Roivas I,3/26/14,2,FALSE,52,45.7,6.5104155361050315,6.694619912472647,4.487923194748359,8.282147045951861,4.948332603938731,2.2610568927789934,0.8242407002188185,0.8242407002188185,7.739849015317286,11.223936542669584,0.22779868708971554
EST,Estonia,Roivas II,4/9/15,3,FALSE,59,56.59,7.047480968,7.148286323,4.911484696942923,8.531506714967309,4.307512635,2.6515322495140485,0.9499950521293513,0.9499950521293513,7.703173528892031,12.583516875773105,0.21251069093479413
EST,Estonia,Ratas I,11/20/16,3,FALSE,56,53.709999999999994,5.181625563209831,4.767582386892571,4.763185123813071,6.8850472537702485,3.796195122,1.9986159002048036,0.8839506609569914,0.8839506609569914,5.755805250418918,20.326568050642337,0.24827052690374238
EST,Estonia,Ratas II,4/29/19,3,FALSE,57,52.300000000000004,5.158513575525812,5.056947801147228,5.9013711281070735,6.296159082217973,4.645627151051625,1.5713499043977055,2.044772466539197,3.0483129584352078,6.742912045889102,16.184623326959848,0.15017208413001912
EST,Estonia,Kallas K I,1/26/21,2,FALSE,60,52,6.146319807692308,6.411220192307692,5.149759615384615,6.990171731,4.230273076923077,1.2196846153846153,4.110659615384615,4.110659615384615,5.396430769,16.698882692307695,0.3031846153846154
EST,Estonia,Kallas K II,7/15/22,3,FALSE,56,50.099999999999994,7.308458882,7.52942994,5.052147904191616,8.577628542914173,3.9992754491017974,1.5478083832335332,4.706165668662676,4.706165668662676,5.557319361277446,14.992876247504991,0.385185629
EST,Estonia,Kallas K III,4/17/23,3,FALSE,60,53.8,6.787439219330855,7.257208736,4.496930297397769,8.469592193,5.566842696629214,1.2847146067415731,6.1379617977528085,6.1379617977528085,6.470577528089888,19.554910112359554,0.197285393
EST,Estonia,Michal,7/23/24,3,FALSE,60,53.8,6.787439219330855,7.257208736,4.496930297397769,8.469592193,4.583777777777779,1.1107333333333334,5.230807407407408,5.230807407407408,5.263081481481481,15.606148148148147,0.3712666666666667
EST,Estonia,Michal (2),7/23/24,2,FALSE,51,44.5,7.329961348314606,8.049382471910112,4.773470561797752,8.609905617977526,4.105,1.026,4.789,4.789,4.675,13.683,0.456
FIN,Finland,Lipponen III,5/31/02,4,FALSE,128,59.9,4.842413689,4.946701168614357,4.515108848080134,8.146758597662773,5.622868113522537,1.249230383973289,0.17556260434056759,,5.204754590984975,20.12839565943239,0.8310517529215359
FIN,Finland,Jaatteenmaki,4/17/03,3,FALSE,116,53.8,4.831434944237918,4.455576765799256,5.574724163568773,7.192465241635689,6.681100371747212,0.5530650557620818,0.17630483271375463,,2.8170446096654276,23.474804832713758,0.23452602230483272
FIN,Finland,Vanhanen I,6/24/03,3,FALSE,116,53.8,4.831434944237918,4.455576765799256,5.574724163568773,7.192465241635689,6.681100371747212,0.5530650557620818,0.17630483271375463,,2.8170446096654276,23.474804832713758,0.23452602230483272
FIN,Finland,Vanhanen II,4/19/07,4,FALSE,125,58.50000000000001,6.085471965811966,5.888527863247862,5.612152820512821,7.3288314529914524,7.89374188,2.4054905982905983,1.6045025641025639,,1.2256649572649572,24.143864957264952,0.9308512820512821
FIN,Finland,Kiviniemi,6/22/10,4,FALSE,125,58.50000000000001,6.085471965811966,5.888527863247862,5.612152820512821,7.3288314529914524,5.578487179487179,1.8736444444444447,2.1679435897435897,,2.29765641,14.683866666666665,0.5209982905982905
FIN,Finland,Katainen I,6/22/11,6,FALSE,125,63.199999999999996,5.005252373417722,4.943680221518988,4.562341613924051,7.788359651898735,4.642061708860759,3.5380838607594938,1.9658639240506333,,2.541710443037975,12.420818037974684,0.8723955696202531
FIN,Finland,Katainen II,3/25/14,5,FALSE,111,55.099999999999994,5.4199477313974604,5.396101270417423,4.7419442831215965,8.174007803992742,8.144196007259529,3.0392740471869333,0.9034754990925591,0.9034754990925591,0.8818729582577134,19.479813067150637,0.6251687840290382
FIN,Finland,Stubb I,6/24/14,5,FALSE,111,55.099999999999994,5.4199477313974604,5.396101270417423,4.7419442831215965,8.174007803992742,8.144196007259529,3.0392740471869333,0.9034754990925591,0.9034754990925591,0.8818729582577134,19.479813067150637,0.6251687840290382
FIN,Finland,Stubb II,9/20/14,4,FALSE,101,47.8,5.690788075313808,5.696684309623431,5.119901673640167,8.357746025104603,5.872062761506276,3.3386464435146443,1.0414539748953975,1.0414539748953975,0.9615732217573223,18.05994979079498,0.7206443514644353
FIN,Finland,Sipilae I,5/29/15,3,FALSE,124,56.949999999999996,6.521018525021948,5.780928446005268,6.939731694468833,5.290096839332748,4.7549552238805965,1.6924995610184375,0.40745741878841096,0.40745741878841096,0.706585601,15.374533801580334,0.9189920983318701
FIN,Finland,Sipilae II,6/13/17,3,FALSE,106,39.3,6.470681679389314,6.188013994910941,6.464004325699746,7.174378880407125,10.176664122137405,0.6936946564885497,1.3879262086513997,1.3879262086513997,2.004295165394402,16.200147582697202,0.43112722646310436
FIN,Finland,Rinne,6/6/19,5,FALSE,116,55.7,4.159499461400359,3.8754186714542187,4.406751346499101,6.997420287253141,11.0261921,0.8252010771992817,2.1092710951526032,2.0718914027149316,3.593924596050269,18.788217235188508,0.9932639138240573
FIN,Finland,Marin,12/10/19,5,FALSE,116,55.7,4.159499461400359,3.8754186714542187,4.406751346499101,6.997420287253141,11.0261921,0.8252010771992817,2.1092710951526032,2.0718914027149316,3.593924596050269,18.788217235188508,0.9932639138240573
FIN,Finland,Orpo,6/20/23,4,FALSE,108,49.400000000000006,6.916887651821861,6.206617408906882,6.647593724696355,5.285718825910932,8.049265182186234,0.5475668016194332,1.0397591093117409,1.0397591093117409,1.590384615384615,14.993374493927126,0.098665992
FRA,France,Raffarin I,5/7/02,2,FALSE,223,29.9,6.834364214046823,6.407172608695652,6.383237290969899,7.896777224080268,2.3315307692307696,1.100568562,0,,4.114802006688964,11.100256856187293,1.100568562
FRA,France,Raffarin II,6/17/02,2,FALSE,384,38.15,7.321972608,6.543654128440367,6.971122804718218,7.229437352555701,3.4910602883355173,3.2785006553079943,0,,1.5085399737876803,13.173606815203145,0
FRA,France,Raffarin III,3/30/04,2,FALSE,394,38.15,7.321972608,6.543654128440367,6.971122804718218,7.229437352555701,3.4910602883355173,3.2785006553079943,0,,1.5085399737876803,13.173606815203145,0
FRA,France,Villepin,5/31/05,2,FALSE,394,38.15,7.321972608,6.543654128440367,6.971122804718218,7.229437352555701,5.889617300131062,3.290111402359109,0.3138650065530799,,5.387009174311927,16.720816513761466,0.18330275229357798
FRA,France,Fillon I,5/18/07,2,FALSE,365,33.3,6,6.7,3.6,8.7,6.099,3.47,0.21,,5.573,17.56,0.21
FRA,France,Fillon II,6/18/07,2,FALSE,335,41.91,7.4148923407301375,6.599428203292772,6.982646528274874,7.0831149606299215,6.099,3.47,0.21,,5.573,17.56,0.21
FRA,France,Fillon III,11/14/10,2,FALSE,343,41.91,7.4148923407301375,6.599428203292772,6.982646528274874,7.0831149606299215,0.847,6.992,0,,3.178,12.076,0.212
FRA,France,Ayrault I,5/15/12,3,FALSE,204,29.3,3.2763226962457335,3.2483215699658707,2.8334396928327648,7.779545427,13.523744721689058,0.1309190019193858,1.2834222648752398,,3.4767074856046065,18.458553550863723,2.087414971209213
FRA,France,Ayrault II,6/18/12,3,FALSE,309,36.46,3.2728304991771804,3.234118047174987,2.7770302249040046,7.7218281678551834,13.496161290322581,0.13308225806451612,1.281225806451613,,3.4824387096774196,18.456666129032254,2.0855709677419356
FRA,France,Valls I,3/31/14,2,FALSE,308,31,3.293583870967742,3.296946451612904,3.005968064516129,7.944336935483871,3.271,0.935,0.467,,5.607,17.757,1.402
FRA,France,Valls II,8/26/14,2,FALSE,308,31,3.293583870967742,3.296946451612904,3.005968064516129,7.944336935483871,3.271,0.935,0.467,,5.607,17.757,1.402
FRA,France,Valls III,2/11/16,3,FALSE,308,31,3.997134032258064,4.078840645,4.108330161290323,7.859662419354838,3.947,0,7.895,7.895,3.947,26.316,0
FRA,France,Cazeneuve,12/6/16,3,FALSE,308,31,3.997134032258064,4.078840645,4.108330161290323,7.859662419354838,3.947,0,7.895,7.895,3.947,26.316,0
FRA,France,Philippe I,6/14/17,4,FALSE,215,30.54,5.986648625,6.121037721021611,5.321616012,8.835887524557958,3.8163596491228073,0.9243245614035089,1.909219298245614,1.909219298245614,1.1499736842105261,13.559657894736844,0.10662280701754386
FRA,France,Philippe II,6/21/17,4,FALSE,465,48.56999999999999,6.476991640930617,6.598648177887586,4.931464957792877,8.153083817171094,4.264251395,1.1587569735006975,0.4406377266387727,0.4406377266387727,0.7906349372384939,13.616984309623431,0.003621688
FRA,France,Castex,7/3/20,4,FALSE,465,48.56999999999999,6.476991640930617,6.598648177887586,4.931464957792877,8.153083817171094,4.2822942817294285,1.1478755230125524,0.49127580195258025,0.49127580195258025,0.7833587866108788,13.649333682008368,0.018108437935843793
FRA,France,Borne I,5/20/22,4,FALSE,350,32.33,7.221589854624189,6.438230745437675,6.479461800185587,8.001948654500465,4.42,0,6.63,6.63,1.105,15.47,1.105
FRA,France,Borne II,6/19/22,4,FALSE,245,25.75,7.4,6.4,6.9,7.9,4.42,0,6.63,6.63,1.105,15.47,1.105
FRA,France,Attal,1/9/24,4,FALSE,245,25.75,6,6.7,3.6,8.7,4.42,0,6.63,6.63,1.105,15.47,1.105
FRA,France,Barnier,9/5/24,2,FALSE,189,26.61,6.3702754227733935,6.673680496054115,4.4852340473506205,8.276863359639233,4.385434047,0.28813190529875987,5.089099210822999,5.089099210822999,1.0242638105975197,15.012988726042842,0.8321758737316798
FRA,France,Bayrou,12/13/24,2,FALSE,189,26.61,6.3702754227733935,6.673680496054115,4.4852340473506205,8.276863359639233,4.385434047,0.28813190529875987,5.089099210822999,5.089099210822999,1.0242638105975197,15.012988726042842,0.8321758737316798
GRC,Greece,Simitis III,4/13/00,1,FALSE,158,43.79,4.4968,4.8797,3.6025,9.2535,5.937,5.198,0,,8.734,14.485,1.398
GRC,Greece,Karamanlis Kos I,3/10/04,1,FALSE,166,45.36,6.7365,6.9754,6.6712,8.9869,6.119,0.722,0,,6.495,16.316,0.188
GRC,Greece,Karamanlis Kos II,10/1/07,1,FALSE,152,41.84,6.7365,6.9754,6.6712,8.9869,9.455,5.449,0,,0,17.628,0
GRC,Greece,Papandreou G,10/6/09,1,FALSE,160,43.92,4.4968,4.8797,3.6025,9.2535,9.667,1.701,2.011,2.011,4.718,12.761,1.779
GRC,Greece,Papademos,11/11/11,4,FALSE,266,83.02000000000001,5.7125922789689225,5.755130835943145,5.248419224283304,8.674467152493376,0,5.244774680306905,0,0,0.20972250639386186,14.904629667519181,0.537011253
GRC,Greece,Pikramenos,5/16/12,1,TRUE,0,,,,,,,,,,,,
GRC,Greece,Samaras I,6/20/12,3,FALSE,179,48.2,5.719570414937759,5.990105394190871,5.477520580912864,8.939635560165975,0,10.110988307349665,0,0,0,10.30520267260579,0.3961297327394209
GRC,Greece,Samaras II,6/25/13,2,FALSE,162,41.94,6.080717548879353,6.361780639008106,5.772686981402003,9.064960277,0,3.585326657129232,0,0,0,16.85591177873152,1.6074673342870769
GRC,Greece,Tsipras I,1/27/15,2,FALSE,162,41.09,3.5657921148697973,3.2576778291555124,2.7572364078851304,6.578904550985642,,,,,,,
GRC,Greece,Tsipras II,9/21/15,2,FALSE,155,39.15,3.4418662068965515,3.193899310344828,2.618621609195402,6.682185747126437,,,,,,,
GRC,Greece,Tsipras III,1/13/19,1,FALSE,145,35.46,2.8947,2.9123,2.0066,7.1382,,,,,,,
GRC,Greece,Mitsotakis Kyr I,7/8/19,1,FALSE,158,39.85,6.7365,6.9754,6.6712,8.9869,2.381,5.952,4.762,4.762,0,16.071,0
GRC,Greece,Sarmas,5/25/23,1,TRUE,0,,,,,,,,,,,,
GRC,Greece,Mitsotakis Kyr II,6/26/23,1,FALSE,158,40.56,6.7365,6.9754,6.6712,8.9869,0.84,4.622,5.042,5.042,3.782,19.748,0
HRV,Croatia,Racan I,1/27/00,6,FALSE,93,56.4,5.712963829787233,5.182874468085106,4.483008510638298,6.155276595744681,4.231914893617021,4.216212765957446,0,,2.1159574468085105,6.493085106382979,0.8594042553191488
HRV,Croatia,Racan II,6/4/01,5,FALSE,89,56.4,5.712963829787233,5.182874468085106,4.483008510638298,6.155276595744681,4.231914893617021,4.216212765957446,0,,2.1159574468085105,6.493085106382979,0.8594042553191488
HRV,Croatia,Racan III,7/30/02,5,FALSE,65,56.4,5.014951063829787,4.929031914893617,6.132876595744681,6.980246808510639,5.423489361702128,18.068617021276594,3.357319149,,3.315638297872341,11.923617021276595,0.08187234
HRV,Croatia,Sanader I,12/23/03,2,FALSE,66,33.2,5.9649,4.8421,6.4912,7.3684,2.674,4.781,0.567,,4.619,7.293,0.648
HRV,Croatia,Sanader II,2/11/06,1,FALSE,66,33.2,7.1053,5.7018,6.9298,7.1053,3.903,6.406,0.221,,3.24,7.069,0.442
HRV,Croatia,Sanader III,1/12/08,4,FALSE,77,43.8,7.088073515981735,5.499912328767125,6.754763470319636,6.780449771689498,4.689376712328767,5.990429223744292,0.2610365296803653,,3.083013698630137,6.9526369863013695,0.5358675799086758
HRV,Croatia,Kosor I,7/6/09,4,FALSE,77,43.8,7.088073515981735,5.499912328767125,6.754763470319636,6.780449771689498,4.689376712328767,5.990429223744292,0.2610365296803653,,3.083013698630137,6.9526369863013695,0.5358675799086758
HRV,Croatia,Kosor II,7/10/10,3,FALSE,75,43.8,6.846806164383562,5.421303652968037,6.940516438356164,7.011189726027397,6.728822695035462,12.704141843971634,0.3529834515366431,,3.4856099290780147,15.574037825059103,0
HRV,Croatia,Milanovic,12/23/11,3,FALSE,77,41.08,1.8421,6.5789,1.7544,8.9474,1.286,41.479,3.537,,0,4.823,0
HRV,Croatia,Oreskovic,1/22/16,3,FALSE,69,47.5,7.188560505263157,5.899059874,6.921380715789473,7.329823663157894,1.912,10.539,1.716,1.716,5.686,14.657,0
HRV,Croatia,Plenkovic I,10/19/16,2,FALSE,74,44.6,7.167609887892377,5.849423901345292,6.923499237668161,7.273327376681614,1.912,10.539,1.716,1.716,5.686,14.657,0
HRV,Croatia,Plenkovic II,7/9/17,2,FALSE,70,35.17,7.1053,5.7018,6.9298,7.1053,1.912,10.539,1.716,1.716,5.686,14.657,0
HRV,Croatia,Plenkovic III,7/23/20,3,FALSE,74,39.8,7.027273343848581,5.656652681388013,6.859472870662461,7.125696056782334,1.969,8.421,3.687,3.687,3.435,15.626,0
HRV,Croatia,Plenkovic III (2),5/17/24,2,FALSE,75,43.980000000000004,7.451942382901318,5.7448830377444295,7.271116780354706,6.060764574806729,1.969,8.421,3.687,3.687,3.435,15.626,0
HUN,Hungary,Medgyessy,5/27/02,2,FALSE,198,47.62,3.0019818983620326,5.823540256194876,3.338032381352373,9.671975976480471,1.2623729525409493,0.3156957160856783,0.003742965,,2.301507349853003,24.43715161696766,0.8588345233095337
HUN,Hungary,Gyurcsany I,9/29/04,2,FALSE,198,47.62,3.0019818983620326,5.823540256194876,3.338032381352373,9.671975976480471,2.7570718185636287,4.990398362032759,0.009240445,,3.090489920201596,23.157051658966818,0.046085258
HUN,Hungary,Gyurcsany II,6/9/06,2,FALSE,210,49.7,3.0170645875251503,5.853466599597585,3.308303621730382,9.673780482897385,2.787911468812877,4.9727263581488925,0.010331992,,3.125985915492958,22.995696177062378,0.051529175
HUN,Hungary,Gyurcsany III,5/2/08,1,FALSE,190,43.2,2.8743,5.5702,3.5897,9.6567,2.867,5.2,0.6,,3.4,22.4,0.2
HUN,Hungary,Bajnai,4/14/09,2,FALSE,190,43.2,2.8743,5.5702,3.5897,9.6567,2.867,5.2,0.6,,3.4,22.4,0.2
HUN,Hungary,Orban II,5/29/10,2,FALSE,263,52.73,6.5432,3.9949,7.5275,6.6143,0.582,3.492,0.097,,1.164,24.054,0
HUN,Hungary,Orban III,5/10/14,2,FALSE,133,44.87,6.5432,3.9949,7.5275,6.6143,0,2.55,0,0,0,3.966,0
HUN,Hungary,Orban IV,5/10/18,2,FALSE,133,49.27,6.5432,3.9949,7.5275,6.6143,0,0.673,0,0,0,1.57,0.224
HUN,Hungary,Orban V,5/16/22,2,FALSE,18,54.13,6.5432,3.9949,7.5275,6.6143,0,0,0,0,0.855,0.427,17.521
IRL,Ireland,Ahern II,6/6/02,2,FALSE,89,45.44,6.240332042253521,6.1161853873239425,6.703196742957746,7.892400088028169,4.51800088,7.987336267605634,0.067054577,,6.6745176056338025,10.229375,2.372336267605634
IRL,Ireland,Ahern III,6/14/07,3,FALSE,86,48.98,5.831219579420172,5.7088270518579005,6.345502592895059,7.414295549203757,3.196874846876277,1.4494859126173951,4.563722335647204,,6.269711310739079,15.197997550020418,1.3927211106574116
IRL,Ireland,Cowen,5/7/08,3,FALSE,86,48.98,5.831219579420172,5.7088270518579005,6.345502592895059,7.414295549203757,3.196874846876277,1.4494859126173951,4.563722335647204,,6.269711310739079,15.197997550020418,1.3927211106574116
IRL,Ireland,Kenny I,3/9/11,2,FALSE,113,55.55,5.452620342034203,5.1773659765976605,4.848673177317732,8.455964356435643,3.4570504050405044,2.8312133213321333,1.7684365436543654,,3.312692169216922,10.625319531953195,0.9071629162916292
IRL,Ireland,Kenny II,5/6/16,2,FALSE,56,29.73,6.4372,6.1603,5.787,9.1708,4.822,4.04,0,0,4.909,20.851,0.478
IRL,Ireland,Varadkar I,6/14/17,2,FALSE,56,29.73,6.4372,6.1603,5.787,9.1708,4.822,4.04,0,0,4.909,20.851,0.478
IRL,Ireland,Varadkar II,2/8/20,2,FALSE,35,20.86,6.4372,6.1603,5.787,9.1708,5.646,2.258,2.8,2.8,4.02,22.042,0.452
IRL,Ireland,Martin,6/27/20,3,FALSE,85,50.17,5.706656886585609,5.519233725333866,5.805485070759418,7.711704723938608,7.122208690452462,1.257354594379111,3.4257085907913094,3.376536176998206,4.454515248156269,24.723638030695632,0.4790199322304165
IRL,Ireland,Varadkar,12/17/22,3,FALSE,85,50.17,5.706656886585609,5.519233725333866,5.805485070759418,7.711704723938608,7.122208690452462,1.257354594379111,3.4257085907913094,3.376536176998206,4.454515248156269,24.723638030695632,0.4790199322304165
ITA,Italy,Amato II,4/28/00,9,TRUE,295,,,,,,,,,,,,
ITA,Italy,Berlusconi II,6/11/01,4,FALSE,363,48.61,7.349621703353219,6.996619090722074,7.322553157786464,4.980463443735856,3.21,2.087,0,,5.618,3.531,0
ITA,Italy,Berlusconi III,5/28/05,6,FALSE,366,46.34,7.410531657315494,7.100051359516615,7.227505028053518,4.781747798877858,0,0.3999999999999999,2.0099999999999993,,0.3999999999999999,10.039999999999997,0
ITA,Italy,Prodi II,5/17/06,7,FALSE,337,46.6,3.0299372103004294,3.2851095278969957,3.1420268454935623,7.3120716523605145,4.465304136253042,2.3034549878345496,2.803795620437956,,5.0600486618004865,9.525352798053529,0.5475425790754258
ITA,Italy,Berlusconi IV,5/8/08,2,FALSE,336,46.519999999999996,7.2625872742906274,7.913142562338779,6.830320206362855,4.758544926913156,0,0.3287188306104901,1.7261227429062767,,0.3287188306104901,8.473596303,0
ITA,Italy,Monti,11/16/11,2,TRUE,460,72.27,5.014902739726027,5.5906778746367785,4.476864272865643,6.384888861214888,2.2278843226788436,1.3608634288086343,2.462171025,,2.736216964,10.063550574235505,0.2731866611318666
ITA,Italy,Letta I,4/27/13,5,FALSE,442,58.88999999999999,4.616587893,5.551421310918663,3.5576272711835624,6.903186992698251,1.4239276833816825,0,0,0,0.9491332366348945,6.644843970161625,0
ITA,Italy,Letta II,11/18/13,5,FALSE,373,36.9,6.089023631436315,5.614190677506775,5.430192791327913,7.902243848238483,0,0,0,,0,0,0
ITA,Italy,Renzi,2/22/14,5,FALSE,373,36.9,6.089023631436315,5.614190677506775,5.430192791327913,7.902243848238483,0,0,0,,0,0,0
ITA,Italy,Gentiloni,12/12/16,3,FALSE,334,28.06,7.095176906628653,6.181991268709908,6.593435388453314,7.8957897362794025,,,,,,,
ITA,Italy,Conte I,6/1/18,3,FALSE,351,50.72,7.8007,7.9138,7.9003,3.2088,10.611,0.763,0,0,5.267,6.336,0.153
ITA,Italy,Conte II,9/5/19,5,FALSE,353,55.480000000000004,4.570443691420332,5.119118601297764,3.054200937274693,8.077214131218456,,,,,,,
ITA,Italy,Draghi I,2/13/21,7,FALSE,583,86.87,5.962566444111892,6.351555819039944,5.384554702428916,5.614361045240014,7.272229691,0.4227005415737496,0,0,3.846929913985346,10.014177763618989,0.084761708
ITA,Italy,Draghi II,7/21/22,5,FALSE,303,55.480000000000004,4.570443691420332,5.119118601297764,3.054200937274693,8.077214131218456,,,,,,,
ITA,Italy,Meloni,10/22/22,3,FALSE,228,42.879999999999995,8.222140578358209,6.69259459,8.017673600746269,3.014421222014925,8.831127235414835,0.5815889768396365,0,0,4.509971562591615,8.296808267370274,0.11662269129287599
LTU,Lithuania,Paksas II,10/26/00,2,FALSE,63,36.89,5.899424071564109,6.0365132827324475,3.946683220384928,8.926419300623476,5.159,4.061,0,,3.183,7.025,0.439
LTU,Lithuania,Brazauskas I,7/12/01,2,FALSE,74,19.64,3.1972,3.8262,5.2732,9.0702,1.954,0.444,0.444,,2.487,10.302,0
LTU,Lithuania,Brazauskas II,3/4/03,2,FALSE,74,19.64,3.1972,3.8262,5.2732,9.0702,2.283,0.472,0.551,,4.094,12.992,1.339
LTU,Lithuania,Brazauskas III,7/13/04,2,FALSE,74,19.64,3.1972,3.8262,5.2732,9.0702,2.283,0.472,0.551,,4.094,12.992,1.339
LTU,Lithuania,Brazauskas IV,12/14/04,4,FALSE,80,55.690000000000005,3.544155144550188,4.049900341174357,5.610752738373136,8.365173603878613,3.492806477897738,1.9817341617437356,0.3192185781218171,,3.7107824404155627,10.481946017518844,0.9604096557343655
LTU,Lithuania,Brazauskas V,4/11/06,3,FALSE,69,55.690000000000005,3.544155144550188,4.049900341174357,5.610752738373136,8.365173603878613,2.283,0.472,0.551,,4.094,12.992,1.339
LTU,Lithuania,Kirkilas I,7/4/06,4,FALSE,55,36.44,4.359908836443468,4.915982409440176,4.767610537870472,8.424583041,2.283,0.472,0.551,,4.094,12.992,1.339
LTU,Lithuania,Kubilius II,11/27/08,4,FALSE,80,45.879999999999995,7.025654359197908,7.065882236268528,4.964529904097646,9.256602877,0,0.988,0,,1.383,12.451,1.383
LTU,Lithuania,Kubilius III,7/16/09,4,FALSE,80,45.879999999999995,7.025654359197908,7.065882236268528,4.964529904097646,9.256602877,0,0.988,0,,1.383,12.451,1.383
LTU,Lithuania,Kubilius IV,9/21/10,3,FALSE,79,25.45,7.480197485265226,6.811366719056975,5.988873713163065,8.198185147347742,0,0.988,0,,1.383,12.451,1.383
LTU,Lithuania,Butkevicius I,12/13/12,4,FALSE,87,51.33,3.8277969803233978,4.167915000974089,5.985704850964349,8.444183382037794,7.554023391812866,0.275951657,0.13614697855750488,,8.297417154,11.937778167641326,0.017046783625730994
LTU,Lithuania,Butkevicius II,7/15/14,4,FALSE,87,51.33,3.8277969803233978,4.167915000974089,5.985704850964349,8.444183382037794,7.554023391812866,0.275951657,0.13614697855750488,,8.297417154,11.937778167641326,0.017046783625730994
LTU,Lithuania,Skvernelis I,11/22/16,2,FALSE,71,37.489999999999995,3.240016084289144,3.7597302747399315,5.619441397706055,6.807055561483063,4.812,0.628,1.046,1.046,1.255,25.314,0.209
LTU,Lithuania,Skvernelis II,10/19/17,2,FALSE,66,22.45,3.3,3.5,3.5,8.1,,,,,,,
LTU,Lithuania,Skvernelis III,7/23/19,4,FALSE,82,33.72,3.390690539739027,3.6032728351126933,4.535862099644128,7.530220017793595,2.018,1.121,3.139,3.139,5.605,18.161,0
LTU,Lithuania,Simonyte,11/24/20,3,FALSE,74,42.26,7.146520492191198,6.950737434926644,5.667139872219593,9.397521012778041,0,0.988,0,,1.383,12.451,1.383
LTU,Lithuania,Paluckas,12/12/24,2,FALSE,66,28.54,3.2202984583041347,3.790340854940435,5.459990609670638,7.849276874562018,4.286,1.837,4.49,4.49,6.054,23.673,0
LUX,Luxembourg,Juncker III,7/31/04,2,FALSE,38,61.24,5.1360773840627045,5.563118664271718,4.932001861528414,,5.026347158719791,0.8375354343566297,1.366458687132593,,3.0727493468321354,13.903932723709994,0.21253282168517307
LUX,Luxembourg,Juncker IV,7/23/09,2,FALSE,39,59.599999999999994,5.305045570469798,5.7109624832214765,5.262896778523491,,6.755011409395973,1.7134449664429532,1.2272107382550337,,4.181071140939598,12.564623489932888,0.4305624161073826
LUX,Luxembourg,Juncker V,7/11/13,2,FALSE,39,59.599999999999994,5.305045570469798,5.7109624832214765,5.262896778523491,,3.9650959731543627,1.3322879194630872,1.112741610738255,,5.3403577181208055,17.27479597315436,0.2128020134228188
LUX,Luxembourg,Bettel I,12/4/13,3,FALSE,32,48.660000000000004,4.3588365187011915,4.737378319,1.7490846485819975,,4.695830661734484,1.0029358816276204,1.2492513357994246,,4.183467735306206,15.99654849979449,0.40859699958898477
LUX,Luxembourg,Bettel II,12/5/18,3,FALSE,31,46.22,4.215813501,4.438714366075292,1.6688188230203373,,5.116068801384682,0.8707801817395068,1.4925889225443532,,4.0741133708351365,16.741149718736477,0.42450800519255727
LUX,Luxembourg,Frieden,11/17/23,2,FALSE,35,47.91,6.498726445418493,6.967288353162179,5.651155082446254,,3.9421504905030265,0.8587198914631601,1.355925276560217,,4.533261114589856,12.786195575036528,0.16801461072844917
LVA,Latvia,Berzins,5/4/00,4,FALSE,70,61.2,7.352245196078432,7.118720473856209,6.150605702614378,8.694327205882354,3.316377287581699,0.7929171568627451,0.077558824,,3.7035676470588235,8.745260294117648,0
LVA,Latvia,Repse,11/7/02,4,FALSE,55,48.199999999999996,6.821823443983403,6.633353941908713,6.495672821576764,8.065815352697095,4.046607883817427,2.972829875518672,0,,3.7705705394190874,15.280744813278009,0.1493402489626556
LVA,Latvia,Emsis,3/9/04,3,FALSE,42,35.5,6.715641408450705,6.905122535211268,6.759654084507042,8.187610422535213,3.07896338,1.3953971830985918,0,,1.6990281690140845,17.01812676056338,0
LVA,Latvia,Kalvitis I,12/2/04,4,FALSE,68,59.4,6.951808249,6.975043097643098,6.309435185185185,8.428577777777777,1.6557659932659932,6.562008417508418,0.5274444444444445,1.1065560000000003,1.015412457912458,12.138220538720539,0
LVA,Latvia,Kalvitis II,4/8/06,3,FALSE,42,35.5,6.715641408450705,6.905122535211268,6.759654084507042,8.187610422535213,1.7653464788732396,9.974664788732394,0.8825408450704225,2.11983908,1.6990281690140845,8.252430985915494,0
LVA,Latvia,Kalvitis III,11/7/06,4,FALSE,59,51.79,6.959494265302183,6.608003301795713,6.427973624251787,7.841392952307397,4.197032497149373,5.705098061573547,1.8584230330672746,1.8584230330672746,0.47962884834663627,19.563653363740023,0
LVA,Latvia,Godmanis II,12/20/07,4,FALSE,59,51.79,6.959494265302183,6.608003301795713,6.427973624251787,7.841392952307397,4.197032497149373,5.705098061573547,1.8584230330672746,1.8584230330672746,0.47962884834663627,19.563653363740023,0
LVA,Latvia,Dombrovskis I,2/26/09,5,FALSE,67,59.589999999999996,7.572624332941769,6.982613962074175,6.399528377244504,8.354257643899984,3.8046749454606483,7.245061419701291,0,0,2.0376281255244173,15.16491324047659,0.4523112938412486
LVA,Latvia,Dombrovskis II,3/17/10,4,FALSE,44,40.03,7.509034723957032,6.685308118910817,6.475739695228579,8.108485086185361,5.663766674993755,1.2842510617037222,0,0,3.033281538845866,19.86015038720959,0.6733257556832376
LVA,Latvia,Dombrovskis III,11/3/10,2,FALSE,55,52.01,6.573792578350318,6.0112943087867725,6.597789348202269,7.465514189578927,11.29,1.613,0,0,6.452,11.29,1.613
LVA,Latvia,Dombrovskis IV,10/25/11,3,FALSE,50,53.54,7.6226399701158005,6.411225326858424,7.036129772132985,7.669323421740755,1.961,0,0,0,1.961,45.098,0
LVA,Latvia,Straujuma I,1/22/14,4,FALSE,63,65.76,7.184191727493916,6.222327220194647,6.8655905717761545,7.503375334549878,5.451870354364735,3.3342402765773547,1.333456064534716,1.333456064534716,4.785142322097378,24.701883318928264,0
LVA,Latvia,Straujuma II,11/5/14,3,FALSE,61,58.010000000000005,6.926512049646613,6.0739476641958285,6.7872136355800725,7.266911928977762,5.267075623700624,3.157737006237006,1.2628674636174635,1.2628674636174635,4.635641891891892,25.781583939708938,0
LVA,Latvia,Kucinskis I,2/11/16,3,FALSE,61,58.010000000000005,6.926512049646613,6.0739476641958285,6.7872136355800725,7.266911928977762,5.267075623700624,3.157737006237006,1.2628674636174635,1.2628674636174635,4.635641891891892,25.781583939708938,0
LVA,Latvia,Kucinskis II,10/6/18,3,FALSE,32,27.79,6.975804534005039,6.056600323857503,6.828951277437928,7.1420916516732635,1.8827070707070708,2.654395061728395,0.6634096520763187,0.6634096520763187,2.5464949494949494,34.676341189674524,0
LVA,Latvia,Karins I,1/23/19,5,FALSE,53,45.82,7.594354255783501,6.322541292012222,6.67964151,6.211190484504583,1.961,0,0,0,1.961,45.098,0
LVA,Latvia,Karins II,12/14/22,4,FALSE,54,39.269999999999996,7.1692883880825065,6.094832315,6.956384415584416,7.154184899414312,1.961,0,0,0,1.961,45.098,0
LVA,Latvia,Silina,9/15/23,3,FALSE,52,37.57,6.020234442374234,5.591644077721586,6.083734256055363,7.560717913,1.429,4.286,4.286,4.286,5.714,24.286,0
MLT,Malta,Fenech Adami IV,4/15/03,1,FALSE,35,51.79,5.7143,4.6617,6.9173,,5.22,11.264,4.945,4.945,5.495,10.44,1.099
MLT,Malta,Gonzi I,3/23/04,1,FALSE,35,51.79,5.7143,4.6617,6.9173,,5.22,11.264,4.945,4.945,5.495,10.44,1.099
MLT,Malta,Gonzi II,3/12/08,1,FALSE,35,49.34,5.7143,4.6617,6.9173,,8.977,6.367,9.812,9.812,3.862,14.614,0.104
MLT,Malta,Muscat I,3/11/13,1,FALSE,39,54.83,4.2105,5.1128,6.3158,,5.318,5.512,6.291,6.226,7.847,16.342,0.13
MLT,Malta,Muscat II,6/6/17,1,FALSE,37,55.04,4.2105,5.1128,6.3158,,4.621,4.429,3.145,3.145,6.996,19.641,0.064
MLT,Malta,Abela I,1/13/20,1,FALSE,37,55.04,4.2105,5.1128,6.3158,,6.586,5.156,9.359,9.272,10.182,20.104,0.173
MLT,Malta,Abela II,3/30/22,1,FALSE,44,55.11,4.2105,5.1128,6.3158,,6.586,5.156,9.359,9.272,10.182,20.104,0.173
NLD,Netherlands,Balkenende I,7/22/02,3,FALSE,93,60.37,7.0370825906907415,7.017148252443267,5.561591088288885,5.817116531389764,2.416471757495445,1.0768704654629784,0.17253105847275133,,2.131245154878251,10.027800231903264,0.542499752
NLD,Netherlands,Balkenende II,10/16/02,3,FALSE,93,60.37,7.0370825906907415,7.017148252443267,5.561591088288885,5.817116531389764,2.8449203246645687,0.20125144939539508,0.13416763293026335,,1.910068411462647,9.493009441775715,0.29402865661752525
NLD,Netherlands,Balkenende III,5/27/03,3,FALSE,78,50.599999999999994,6.321783320158104,6.525505612648222,5.478088458498025,7.162702094861661,3.0386531620553363,0.2460415019762846,0.33760592885375496,,1.3960835968379448,9.433631225296443,0.43764861660079063
NLD,Netherlands,Balkenende IV,7/7/06,2,FALSE,71,46.53,6.480558220502902,6.659668279,5.803092649903289,7.034942940038684,2.4452301740812374,2.015195357833656,3.3466441005802707,,2.9033288201160543,9.580313346,0
NLD,Netherlands,Balkenende V,2/22/07,3,FALSE,80,51.67,5.001885465453842,4.964897638862009,5.405757673698472,7.5748037933036585,2.8835966711825045,1.4633928778788465,3.6132860460615444,,3.917711244435843,12.43775962841107,0.13533849429069092
NLD,Netherlands,Balkenende VI,2/23/10,2,FALSE,47,30.48,5.968286745406824,5.727471817585303,6.937275820209974,7.285877165354331,3.992885170603675,0.6735515091863516,6.130933070866142,,2.564083661417323,9.083195209973754,0.19436581364829394
NLD,Netherlands,Rutte I,10/14/10,2,FALSE,52,34.099999999999994,6.785200997,7.094431055718476,5.306476979472142,6.652984046920823,2.672653372434018,1.2766076246334312,3.7152237536656894,,2.319577126099707,7.728392082111438,0.082617889
NLD,Netherlands,Rutte II,4/23/12,2,FALSE,52,34.099999999999994,6.785200997,7.094431055718476,5.306476979472142,6.652984046920823,1.1956167155425221,0.7904519061583578,2.603441348973607,,1.067211143695015,7.095171847507332,0
NLD,Netherlands,Rutte III,11/5/12,2,FALSE,79,51.42,5.54321797,5.951133838973162,3.815814819136523,6.934178413068844,1.8990933488914818,1.033318553092182,2.909245041,,1.5813477246207701,9.117004667444572,0.21014002333722287
NLD,Netherlands,Rutte IV,3/15/17,2,FALSE,42,27,6.5594044444444455,7.047143333333333,4.138343333333333,6.378463333333333,5.210977777777778,0.6550222222222223,3.796311111111111,3.7000444444444445,3.234888888888889,10.130022222222223,0.028922222222222224
NLD,Netherlands,Rutte V,10/26/17,4,FALSE,76,49.3,6.209174442,6.450243204868154,4.607650912778905,6.9485912778904675,3.8193671399594327,0.45615821501014203,5.460371196754563,5.378221095334686,2.801184584178499,10.538330628803246,0.30378498985801217
NLD,Netherlands,Rutte VI,1/15/21,4,FALSE,76,49.3,6.209174442,6.450243204868154,4.607650912778905,6.9485912778904675,4.362677484787018,1.4535212981744423,5.161215010141988,5.047855983772819,1.843738336713996,17.351338742393512,0.17989858012170387
NLD,Netherlands,Rutte VII ,1/10/22,4,FALSE,78,49.760000000000005,6.141582596463022,6.418190514469453,4.320241237942122,6.988848512861734,4.618309686495177,1.4590819935691317,5.3490769694533755,5.230376407,1.8866587620578776,17.536215434083598,0.19692825562700964
NLD,Netherlands,Schoof,7/2/24,4,FALSE,88,56.17,7.465601851522165,7.356886594267402,5.9995923802741675,4.204545184262062,3.006408210689388,1.462560805577072,3.956930286599536,3.915219984508133,1.5610689388071262,16.06545003872967,0.041710302091402016
POL,Poland,Buzek II,6/7/00,1,FALSE,201,33.83,7.1286,4.6148,8.1427,7.0491,0.532,1.596,0,,4.255,14.362,0
POL,Poland,Miller I,10/19/01,3,FALSE,258,50.04,3.0737309352517985,3.678503597122302,2.719848201438849,8.416354676258992,1.1209640287769784,2.5685179856115106,0,,0.1564748201438849,15.255093525179854,0
POL,Poland,Miller II,3/1/03,2,FALSE,216,41.04,2.8299,3.8505,1.8801,9.0872,1.176,2.941,0,,0,17.647,0
POL,Poland,Belka,5/2/04,4,FALSE,257,50.04,3.2132374100719425,4.350611510791367,2.3507014388489207,7.989469784172663,1.5846330935251798,2.7663597122302157,0,,1.4176258992805757,16.59951798561151,0
POL,Poland,Marcinkiewicz I,10/31/05,1,FALSE,155,27,7.6997,4.0466,8.2514,5.4813,0,1.278,0,,15.016,20.447,0
POL,Poland,Marcinkiewicz II,5/5/06,3,FALSE,245,46.4,6.994381465517242,3.249030172413793,8.282625431034484,3.767687931034483,0.5644525862068965,3.000866379310345,0,,8.840344827586208,16.925034482758623,0
POL,Poland,Kaczynski,7/14/06,3,FALSE,245,46.4,6.994381465517242,3.249030172413793,8.282625431034484,3.767687931034483,0.5644525862068965,3.000866379310345,0,,8.840344827586208,16.925034482758623,0
POL,Poland,Tusk I,11/16/07,2,FALSE,240,50.42,5.8732507140023795,7.292020666402222,4.211877885759619,8.661304998016659,2.0735898452994843,1.0258123760412534,0,,8.613591431971438,12.867238397461323,0.7159523998413329
POL,Poland,Tusk II,11/18/11,2,FALSE,235,47.54,5.8750211611274725,7.296634244846445,4.209425999158603,8.664771098022719,4.546721497686159,1.7592608329827515,0,,4.460289440471183,13.07473748422381,0
POL,Poland,Kopacz,9/22/14,2,FALSE,235,47.54,5.8750211611274725,7.296634244846445,4.209425999158603,8.664771098022719,0.7945994951619689,0.8499242742953302,2.441754312158183,2.3926916281026505,2.9383466554480435,17.79902313840976,0.9249217501051745
POL,Poland,Szydlo,11/16/15,1,FALSE,235,37.58,7.6997,4.0466,8.2514,5.4813,0.789,0.76,1.257,1.198,3.419,10.432,0.672
POL,Poland,Morawiecki I,12/11/17,1,FALSE,235,37.58,7.6997,4.0466,8.2514,5.4813,3.96,1.401,1.401,1.401,5.452,11.91,0.183
POL,Poland,Morawiecki II,11/15/19,1,FALSE,235,43.59,7.6997,4.0466,8.2514,5.4813,3.96,1.401,1.401,1.401,5.452,11.91,0.183
POL,Poland,Tusk III,12/13/23,3,FALSE,248,53.7,5.140402793296089,6.101228677839851,4.178380633147113,8.248964432029796,4.612772811918064,0.21235754189944134,1.9169720670391057,2.1934323725055433,4.083819366852886,17.50045251396648,0.16239106145251397
PRT,Portugal,Barroso,4/6/02,2,FALSE,119,49.91,6.6029138248847925,7.089087517531557,7.373549669404929,7.741871388499297,4.321,4.156,0.462,,5.442,7.388,0.066
PRT,Portugal,Santana Lopes,7/23/04,2,FALSE,119,49.91,6.6029138248847925,7.089087517531557,7.373549669404929,7.741871388499297,13.28,4.852,0.568,,3.377,6.527,0.085
PRT,Portugal,Socrates I,3/12/05,1,FALSE,121,46.4,4.0492,4.2716,3.5411,9.2233,4.213,2.446,0.353,,5.953,12.558,0
PRT,Portugal,Socrates II,10/26/09,1,FALSE,97,37.73,4.0492,4.2716,3.5411,9.2233,4.593,3.062,0,,6.316,18.852,0
PRT,Portugal,Passos Coelho I,6/15/11,2,FALSE,132,52.52,6.696467650418888,7.162070658796649,7.480205255140898,7.520988385376998,2.525,9.989,0.371,,2.971,8.875,0
PRT,Portugal,Passos Coelho II,10/30/15,2,FALSE,107,39.84,8.0222,8.1963,8.9916,4.3909,5.036,2.518,6.842,6.842,4.543,15.271,0
PRT,Portugal,Costa I,11/26/15,1,FALSE,86,33.57,4.0492,4.2716,3.5411,9.2233,6.86,3.996,1.521,1.521,6.117,14.922,0.177
PRT,Portugal,Costa II,10/26/19,1,FALSE,108,38.21,4.0492,4.2716,3.5411,9.2233,5.825,2.617,10.511,10.511,3.208,15.956,0
PRT,Portugal,Costa III,3/30/22,1,FALSE,120,42.5,4.0492,4.2716,3.5411,9.2233,5.252,3.834,7.983,7.826,5.095,19.748,0
PRT,Portugal,Montenegro I,4/2/24,1,FALSE,80,28.83,6.2949,6.8488,7.0224,8.4691,5.462,4.811,6.025,6.025,2.341,13.004,0
PRT,Portugal,Montenegro II,6/5/25,1,FALSE,91,31.78,6.2949,6.8488,7.0224,8.4691,5.462,4.811,6.025,6.025,2.341,13.004,0
ROU,Romania,Nastase I,12/20/00,3,FALSE,155,36.61,3.2325,2.4518,6.2794,8.6459,3.617,3.851,0,,0.817,7.118,0.583
ROU,Romania,Nastase II,6/19/03,1,FALSE,155,36.61,3.2325,2.4518,6.2794,8.6459,3.617,3.851,0,,0.817,7.118,0.583
ROU,Romania,Popescu-Tariceanu I,12/29/04,4,FALSE,134,37.5,5.4977442666666665,5.527089066666667,3.8957064,9.543630666666667,2.494466666666667,3.807672,0.3038186666666667,,0.8455280000000001,10.192872,0.15190933333333334
ROU,Romania,Popescu-Tariceanu II,12/7/06,3,FALSE,134,37.5,5.4977442666666665,5.527089066666667,3.8957064,9.543630666666667,2.494466666666667,3.807672,0.3038186666666667,,0.8455280000000001,10.192872,0.15190933333333334
ROU,Romania,Popescu-Tariceanu III,4/5/07,2,FALSE,86,37.5,6.0479677333333335,7.036266666666667,3.6026048,9.5867704,7.935194666666668,3.872018666666667,0.033728,,1.1707120000000002,5.488317333333334,0.033728
ROU,Romania,Boc I,12/22/08,2,FALSE,225,65.45,4.297982047364401,3.8040475171886934,5.1349585637891515,9.083464553093965,3.617,3.851,0,,0.817,7.118,0.583
ROU,Romania,Boc II,12/23/09,2,FALSE,137,38.53,5.488144822216455,5.314219387490267,3.951344744355048,9.522765144043603,8.961,0,0.204,,4.481,9.776,0.204
ROU,Romania,Boc III,5/19/10,3,FALSE,153,38.53,5.488144822216455,5.314219387490267,3.951344744355048,9.522765144043603,8.961,0,0.204,,4.481,9.776,0.204
ROU,Romania,Ungureanu,2/9/12,3,FALSE,158,38.53,5.488144822216455,5.314219387490267,3.951344744355048,9.522765144043603,4.104,0.622,0.746,,4.602,10.323,0
ROU,Romania,Ponta I,5/7/12,3,FALSE,147,51.660000000000004,4.246840418118467,4.1747911730545875,5.297339605110337,8.991706039488966,5.096201509872242,4.134259001,0,,0.7084413472706156,6.226884436701511,0.373431475
ROU,Romania,Ponta II,12/21/12,3,FALSE,273,58.63,6.0543,7.245,3.5474,9.6079,5.882,0,0,0,5.392,7.353,0
ROU,Romania,Ponta III,3/4/14,4,FALSE,191,63.760000000000005,3.355576552697616,2.6370142409033877,6.279279313048933,8.610249074654954,3.6561830301129232,3.5912012233375155,0.060021643663739015,,1.1215334065244666,7.375867785,0.5360930050188205
ROU,Romania,Ponta IV,12/15/14,4,FALSE,195,58.63,6,6.7,3.6,8.7,3.617,3.851,0,,0.817,7.118,0.583
ROU,Romania,Ciolos,11/10/15,9,TRUE,412,96.31,3.978641958259786,4.289817796698162,3.5707677811234553,6.929967261966566,3.375870184407522,1.7064774511593936,0,0,1.9874111740003653,8.91836772,0.2583423406974621
ROU,Romania,Grindeanu,1/4/17,2,FALSE,174,51.099999999999994,3.536870841,2.919018864970646,5.9847184344422715,8.651849941291585,3.617,3.851,0,,0.817,7.118,0.583
ROU,Romania,Tudose,6/29/17,2,FALSE,174,51.099999999999994,3.536870841,2.919018864970646,5.9847184344422715,8.651849941291585,3.617,3.851,0,,0.817,7.118,0.583
ROU,Romania,Dancila I,1/29/18,2,FALSE,174,51.099999999999994,3.536870841,2.919018864970646,5.9847184344422715,8.651849941291585,3.617,3.851,0,,0.817,7.118,0.583
ROU,Romania,Orban I,11/4/19,1,FALSE,69,20.04,6.0543,7.245,3.5474,9.6079,5.882,0,0,0,5.392,7.353,0
ROU,Romania,Orban II,3/14/20,1,FALSE,69,20.04,6.0543,7.245,3.5474,9.6079,5.882,0,0,0,5.392,7.353,0
ROU,Romania,Citu,12/23/20,3,FALSE,169,46.3,6.031526069,6.907561555075595,3.606256328293737,9.290664686825055,4.790416424,0,0,0,4.391350792111219,8.56595312,0
ROU,Romania,Ciuca ,11/25/21,3,FALSE,224,59.830000000000005,4.687596640481362,4.808593013538358,4.899086211,9.130959134213605,4.223614908908574,1.8601688116329598,0,0,2.6648133043623603,7.866540698646163,0.28160956042119334
ROU,Romania,Ciolacu,6/15/23,2,FALSE,203,54.09,4.546627232,4.684018672582732,5.007093104085783,9.093908504,4.671822518025512,2.057568866703642,0,0,2.947601774819745,7.2274407469033095,0.31149380661859855
ROU,Romania,Ciolacu II,12/23/24,3,FALSE,224,59.830000000000005,4.687596640481362,4.808593013538358,4.899086211,9.130959134213605,4.223614908908574,1.8601688116329598,0,0,2.6648133043623603,7.866540698646163,0.28160956042119334
ROU,Romania,Predoiu,5/6/25,3,FALSE,224,59.830000000000005,4.687596640481362,4.808593013538358,4.899086211,9.130959134213605,4.223614908908574,1.8601688116329598,0,0,2.6648133043623603,7.866540698646163,0.28160956042119334
ROU,Romania,Bolojan,6/23/25,4,FALSE,334,90.57000000000001,5.133034194545655,5.450547864,4.458168576791431,8.984689025063487,4.223614908908574,1.8601688116329598,0,0,2.6648133043623603,7.866540698646163,0.28160956042119334
SVK,Slovakia,Dzurinda II,10/16/02,4,FALSE,78,42.51,7.0626359209597736,7.070415455187015,5.495107268877911,8.880876429075514,1.934997177134792,0.6500621030345802,0,,0.5856047988708539,6.040173606210304,0
SVK,Slovakia,Dzurinda III,2/8/06,3,FALSE,57,34.260000000000005,7.051663835,7.094644220665498,4.694045096322241,9.406091856392292,3.095159369527145,1.2170464098073555,0.3424299474605954,,2.4755884413309976,8.081668126094572,0.2383143607705779
SVK,Slovakia,Fico I,7/4/06,3,FALSE,85,49.66,4.507207933950866,3.9816210229561015,5.190076339105921,6.403228816,2.5003554168344744,0.48006061216270646,0.8867013693113169,,4.024491341119614,24.52293536045107,0.132848168
SVK,Slovakia,Radicova I,7/8/10,4,FALSE,71,44.2,6.944958959276017,6.955091357466063,5.7163024886877825,8.408366651583709,6.719689903846153,0.5736658653846154,0.071733173,,3.153987981,12.979795673076923,0.35636538461538453
SVK,Slovakia,Radicova II,10/20/11,4,FALSE,69,44.2,6.944958959276017,6.955091357466063,5.7163024886877825,8.408366651583709,3.816641826923077,0.5004831730769229,1.7142091346153845,,4.649228365384615,11.97103846153846,0.23808894230769231
SVK,Slovakia,Fico II,4/4/12,1,FALSE,83,44.41,3.3799,3.5124,3.6548,7.1697,0.896,0.896,5.506,,1.793,18.182,0.384
SVK,Slovakia,Fico III,3/23/16,4,FALSE,85,49.03,5.014249317,4.403012359779727,5.3031030797470935,6.762970344686926,2.9574731626754747,6.086416184971099,1.182989265,1.182989265,4.1399256812551615,12.896355904211395,0.4433526011560694
SVK,Slovakia,Fico IV,9/1/16,3,FALSE,75,43.42,4.706002855826808,4.144995301704284,5.096778995854445,6.6160625518194385,2.365587847,7.369980184940555,0.9462351387054161,0.9462351387054161,3.3113936591809776,13.650982826948482,0.3546235138705416
SVK,Slovakia,Pellegrini,3/22/18,3,FALSE,75,43.42,4.706002855826808,4.144995301704284,5.096778995854445,6.6160625518194385,2.365587847,7.369980184940555,0.9462351387054161,0.9462351387054161,3.3113936591809776,13.650982826948482,0.3546235138705416
SVK,Slovakia,Matovic,3/21/20,4,FALSE,95,45.25,7.265767955801105,6.3884419889502775,6.316950276243094,7.092220994475138,,,,,,,
SVK,Slovakia,Heger I,4/1/21,4,FALSE,95,45.25,7.265767955801105,6.3884419889502775,6.316950276243094,7.092220994475138,,,,,,,
SVK,Slovakia,Heger II,9/13/22,4,FALSE,82,39.03,7.467486548808609,6.338790673840636,6.7499359467076605,6.8359979502946455,,,,,,,
SVK,Slovakia,Odor,5/15/23,1,TRUE,0,,,,,,,,,,,,
SVK,Slovakia,Fico IV (2),10/25/23,2,FALSE,79,43.300000000000004,3.8506491916859122,3.6425967667436487,4.276257736720554,6.7388103926096985,0.7126097,10.954632794457275,0.2850438799076212,0.2850438799076212,0.9975242494226326,15.758454965357968,0.10682678983833716
SVN,Slovenia,Bajuk,6/7/00,2,FALSE,35,35.51,6.833524697268375,5.303332103632779,7.250520219656434,7.740255758941145,3.7398270909602926,0.6948265277386653,0,,3.452961137707688,16.260172909039706,0.4284947901999437
SVN,Slovenia,Drnovsek VI,11/30/00,3,FALSE,54,57.879999999999995,4.082885003455425,4.523428680027644,3.489772598479613,8.588397995853489,4.062026261230131,0.8045632342778161,0,,5.297034554250173,17.194193158258468,0.38235659986178305
SVN,Slovenia,Rop I,12/19/02,4,FALSE,58,63.05,4.012884187153053,4.416959587628867,3.6194143378271213,8.465826931007136,2.943269151467089,5.272730848532911,1.960168913560666,,3.2185195876288657,7.71488977,0.1362490087232355
SVN,Slovenia,Rop II,4/8/04,3,FALSE,49,53.51,3.5346512053821715,4.307984937394879,2.9044071762287422,8.753030125210241,2.827967108951598,5.298534105774622,2.126716688469445,,3.518130069145954,8.358833489067463,0.069080172
SVN,Slovenia,Jansa I,12/3/04,4,FALSE,49,49.029999999999994,6.819924270854579,5.413822292473996,7.066408484601264,8.333103732,2.1368831327758517,1.9000785233530495,0.6681293085865798,,4.623764429940853,13.098942688150112,0.2960742402610647
SVN,Slovenia,Pahor I,11/21/08,4,FALSE,50,52.48,3.196038033536585,3.7474262766768294,3.320335861280488,8.095118635670733,3.782182556,1.0942649037346324,0.23832335884945488,,3.322453027139875,15.841454418928324,0.2194008350730689
SVN,Slovenia,Pahor II,6/27/11,2,FALSE,33,35.66,3.1617929332585533,3.9215838754907466,2.9074247335950645,8.303070836,4.414975602916433,1.1957627593942795,0.099057207,,3.8408555804823337,16.69462394840157,0.29431183398766125
SVN,Slovenia,Jansa II,1/28/12,5,FALSE,50,53.239999999999995,6.395497877535688,5.439417148760331,6.321035123966943,8.284592918858001,6.850327084680026,3.6421814264167205,1.1673303167420814,,2.581949579831933,6.517260073260074,0.16339194139194138
SVN,Slovenia,Bratusek,3/20/13,4,FALSE,52,54.370000000000005,3.660854294647783,4.015436858561706,3.6130928821041013,8.073276954202685,3.039140808344198,2.194325293350717,2.0510319426336374,,1.8065658409387222,12.300765319426336,0.13903650586701433
SVN,Slovenia,Cerar,8/25/14,3,FALSE,52,50.650000000000006,3.2578713129318855,3.480159882,3.7524513326752222,7.903783257650543,3.7623145287665096,1.5646731587194986,0.8566514439220952,3.759,3.0698956794269083,15.758824042981868,0.23626460711887173
SVN,Slovenia,Sarec,8/17/18,5,FALSE,43,42.32,3.236306639886578,3.538380033081285,3.55726725,7.994798133270321,4.586980604677695,1.0365236737022245,1.3212287507130631,4.698,5.217077581289217,21.839915573302907,0.31443696520250997
SVN,Slovenia,Jansa III,3/3/20,4,FALSE,47,46.760000000000005,5.973823952095808,4.986737425,6.171739435414885,8.428275962,2.1100602539854094,0.5729451499594704,1.2027089975682246,3.681741935483871,5.746382329100243,18.450475006754928,0.3543961091596865
SVN,Slovenia,Jansa IV,12/18/20,3,FALSE,42,41.83,6.297299832655989,5.194372268706671,6.3014939517093005,8.585578197465933,1.6092319201995013,0.4547581047381547,0.6655586034912719,2.982,5.340269326683293,16.438284289276808,0.3572231920199502
SVN,Slovenia,Golob,6/1/22,3,FALSE,53,45.6,3.0697182675438595,3.3386330921052636,3.3724889912280704,7.638052565789474,4.281,0.917,0,,3.976,18.043,0.306
SWE,Sweden,Persson III,10/21/02,1,FALSE,144,39.9,3.4447,3.5655,4.4407,7.4445,5.128,0.733,0,,8.425,15.751,0.733
SWE,Sweden,Reinfeldt I,10/5/06,4,FALSE,178,48.1,7.203744906444906,7.618113097713097,5.628998128898129,8.128245322245322,7.661413721413721,1.3277858627858627,0,,0.7167380457380457,17.925856548856547,0.36857588357588356
SWE,Sweden,Reinfeldt II,9/19/10,4,FALSE,173,49.28,7.305218790584415,7.745433319805193,5.5995377435064935,8.228265706,10.971314123376622,0.9171355519480519,0,,1.4933806818181818,18.4287224,0.8958823051948052
SWE,Sweden,Lofven I,10/2/14,2,FALSE,138,37.9,3.432737941952507,3.5329770184696576,4.091491530343008,6.270654881266491,6.946154353562005,0.151368074,1.1491034300791558,1.0760221635883904,1.217160949868074,24.919745118733513,2.3369422163588394
SWE,Sweden,Lofven II,9/9/18,2,FALSE,116,32.67,3.435817906336088,3.5413509641873278,4.181404958677685,6.572893939393939,8.704672176,0,2.0325234159779613,2.0325234159779613,3.704314049586777,21.74896694214876,0.8755564738292012
SWE,Sweden,Lofven III,1/18/19,2,FALSE,116,32.67,3.435817906336088,3.5413509641873278,4.181404958677685,6.572893939393939,8.704672176,0,2.0325234159779613,2.0325234159779613,3.704314049586777,21.74896694214876,0.8755564738292012
SWE,Sweden,Lofven IV ,7/9/21,2,FALSE,116,32.67,3.435817906336088,3.5413509641873278,4.181404958677685,6.572893939393939,7.289539944903581,0.3907741046831956,8.175410468319559,8.175410468319559,2.155977961432507,25.507110192837466,1.760570247933884
SWE,Sweden,Andersson,11/30/21,1,FALSE,100,28.26,3.4447,3.5655,4.4407,7.4445,5.966,0.284,7.102,7.102,1.989,25.852,1.42
SWE,Sweden,Kristersson,10/17/22,3,FALSE,103,29.05,7.508892805507746,7.9370211359724605,5.669187022375215,8.592658898450948,6.271759724612737,0.6566681583476766,1.7764378657487092,1.7764378657487092,1.1364722891566266,19.977696729776248,0
